102 Dalmatians,2000,35 Metascore,Kevin Lima,$66.96M
12 Years a Slave,2013,96 Metascore,Steve McQueen,$56.67M
127 Hours,2010,82 Metascore,Danny Boyle,$18.34M
13 Hours,2016,48 Metascore,Michael Bay,$52.85M
1917,2019,78 Metascore,Sam Mendes,$159.23M
20th Century Women,2016,83 Metascore,Mike Mills,$5.66M
21 Grams,2003,70 Metascore,Alejandro G. Iñárritu,$16.29M
3:10 to Yuma,2007,76 Metascore,James Mangold,$53.61M
45 Years,2015,94 Metascore,Andrew Haigh,$4.25M
8 Mile,2002,77 Metascore,Curtis Hanson,$116.72M
A Beautiful Day in the Neighborhood,2019,80 Metascore,Marielle Heller,$61.70M
A Beautiful Mind,2001,72 Metascore,Ron Howard,$170.74M
A Better Life,2011,64 Metascore,Chris Weitz,$1.76M
A History of Violence,2005,82 Metascore,David Cronenberg,$31.49M
A Mighty Wind,2003,81 Metascore,Christopher Guest,$17.51M
A Quiet Place,2018,82 Metascore,John Krasinski,$188.02M
A Series of Unfortunate Events,2004,62 Metascore,Brad Silberling,$118.63M
A Serious Man,2009,88 Metascore,Ethan Coen,$9.19M
A Shaun the Sheep Movie: Farmageddon,2019,79 Metascore,Will Becher,$9.17M
A Single Man,2009,77 Metascore,Tom Ford,$215.29M
A Star Is Born,2018,88 Metascore,Bradley Cooper,$78.62M
A.I. Artificial Intelligence,2001,65 Metascore,Steven Spielberg,$65.02M
About Schmidt,2002,85 Metascore,Alexander Payne,$41.39M
About a Boy,2002,75 Metascore,Chris Weitz,$24.34M
Across the Universe,2007,56 Metascore,Julie Taymor,$50.19M
Ad Astra,2019,80 Metascore,James Gray,$22.25M
Adaptation.,2002,83 Metascore,Spike Jonze,$3.01M
Aftersun,II 2022,95 Metascore,Charlotte Wells,$58.20M
Albert Nobbs,2011,57 Metascore,Rodrigo García,$334.19M
Ali,2001,65 Metascore,Michael Mann,$6.26M
Alice in Wonderland,I 2010,53 Metascore,Tim Burton,$25.11M
All Is Lost,2013,87 Metascore,J.C. Chandor,$40.10M
All the Money in the World,2017,72 Metascore,Ridley Scott,$32.53M
Allied,2016,60 Metascore,Robert Zemeckis,$0.67M
Almost Famous,2000,90 Metascore,Cameron Crowe,$130.10M
Alone Yet Not Alone,2013,84 Metascore,Ray Bengston,$130.16M
American Beauty,1999,76 Metascore,Sam Mendes,$150.12M
American Gangster,2007,90 Metascore,Ridley Scott,$350.13M
American Hustle,2013,72 Metascore,David O. Russell,$6.00M
American Sniper,2014,90 Metascore,Clint Eastwood,$6.74M
American Splendor,2003,95 Metascore,Shari Springer Berman,$12.57M
Amour,2012,89 Metascore,Michael Haneke,$13.04M
The Quiet Girl,2022,85 Metascore,Colm Bairéad,$1.04M
An Education,2009,54 Metascore,Lone Scherfig,$12.82M
Angela's Ashes,1999,83 Metascore,Alan Parker,$39.26M
Animal Kingdom,2010,63 Metascore,David Michôd,$3.76M
Anna Karenina,I 2012,56 Metascore,Joe Wright,$4.46M
Anna and the King,1999,88 Metascore,Andy Tennant,$3.21M
Anomalisa,2015,50 Metascore,Duke Johnson,$50.87M
Anonymous,I 2011,81 Metascore,Roland Emmerich,$136.03M
Another Year,2010,68 Metascore,Mike Leigh,$100.55M
Apocalypto,2006,78 Metascore,Mel Gibson,$2.29M
"Argentina, 1985",2022,86 Metascore,Santiago Mitre,$50.93M
Argo,2012,81 Metascore,Ben Affleck,$31.66M
Arrival,II 2016,76 Metascore,Denis Villeneuve,$37.74M
At Eternity's Gate,2018,85 Metascore,Julian Schnabel,$206.04M
Atonement,2007,38 Metascore,Joe Wright,$49.55M
August Rush,2007,58 Metascore,Kirsten Sheridan,$760.51M
August: Osage County,2013,59 Metascore,John Wells,$659.68M
Austin Powers: The Spy Who Shagged Me,1999,53 Metascore,Jay Roach,$858.37M
Australia,2008,83 Metascore,Baz Luhrmann,$678.82M
Autism Is a World,2004 TV Movie,67 Metascore,Gerardine Wurzburg,$4.57M
Avatar,2009,78 Metascore,James Cameron,$34.30M
Avatar: The Way of Water,2022,68 Metascore,James Cameron,$107.83M
Avengers: Endgame,2019,88 Metascore,Anthony Russo,$102.00M
Avengers: Infinity War,2018,69 Metascore,Anthony Russo,$7.50M
Away from Her,2006,86 Metascore,Sarah Polley,$206.85M
Babel,I 2006,60 Metascore,Alejandro G. Iñárritu,$12.80M
Baby Driver,2017,54 Metascore,Edgar Wright,$504.01M
Babylon,I 2022,55 Metascore,Damien Chazelle,$8.11M
Jackass Presents: Bad Grandpa,2013,67 Metascore,Jeff Tremaine,$4.22M
Bardo: False Chronicle of a Handful of Truths,2022,70 Metascore,Alejandro G. Iñárritu,$5.82M
Barney's Version,2010,86 Metascore,Richard J. Lewis,$16.17M
Batman Begins,2005,65 Metascore,Christopher Nolan,$5.79M
Beasts of the Southern Wild,2012,94 Metascore,Benh Zeitlin,$22.86M
Beauty and the Beast,I 2017,85 Metascore,Bill Condon,$7.74M
Before Midnight,2013,91 Metascore,Richard Linklater,$14.62M
Before Night Falls,2000,62 Metascore,Julian Schnabel,$58.22M
Before Sunset,2004,81 Metascore,Richard Linklater,$66.26M
Begin Again,II 2013,90 Metascore,John Carney,$222.53M
Beginners,2010,65 Metascore,Mike Mills,$22.00M
Being John Malkovich,1999,60 Metascore,Spike Jonze,$42.34M
Being Julia,2004,75 Metascore,István Szabó,$49.28M
Being the Ricardos,2021,73 Metascore,Aaron Sorkin,$108.64M
Belfast,2021,42 Metascore,Kenneth Branagh,$700.06M
Beyond the Lights,2014,58 Metascore,Gina Prince-Bythewood,$453.72M
Bicentennial Man,1999,74 Metascore,Chris Columbus,$106.95M
Big Fish,2003,74 Metascore,Tim Burton,$92.05M
Big Hero 6,2014,87 Metascore,Don Hall,$57.37M
Billy Elliot,2000,83 Metascore,Stephen Daldry,$33.41M
Birdman or (The Unexpected Virtue of Ignorance),2014,74 Metascore,Alejandro G. Iñárritu,$9.74M
BlacKkKlansman,2018,88 Metascore,Spike Lee,$216.43M
Black Hawk Down,2001,67 Metascore,Ridley Scott,$114.05M
Black Panther,2018,79 Metascore,Ryan Coogler,$128.51M
Black Panther: Wakanda Forever,2022,81 Metascore,Ryan Coogler,$25.38M
Black Swan,2010,50 Metascore,Darren Aronofsky,$11.53M
Blade Runner 2049,2017,64 Metascore,Denis Villeneuve,$237.28M
Blonde,2022,78 Metascore,Andrew Dominik,$40.71M
Blood Diamond,2006,81 Metascore,Edward Zwick,$169.11M
Blue Jasmine,2013,49 Metascore,Woody Allen,$72.31M
Blue Valentine,2010,67 Metascore,Derek Cianfrance,$71.54M
Bohemian Rhapsody,2018,64 Metascore,Bryan Singer,$4.44M
Bolt,2008,68 Metascore,Byron Howard,$83.04M
Bombshell,I 2019,89 Metascore,Jay Roach,$38.32M
Borat Subsequent Moviefilm,2020,100 Metascore,Jason Woliner,$85.34M
Borat,2006,86 Metascore,Larry Charles,$18.10M
Boyhood,I 2014,69 Metascore,Richard Linklater,$8.80M
Boys Don't Cry,1999,46 Metascore,Kimberly Peirce,$28.75M
Brave,2012,75 Metascore,Mark Andrews,$259.77M
Breakthrough,2019,81 Metascore,Roxann Dawson,$5.88M
Bridesmaids,I 2011,66 Metascore,Paul Feig,$107.10M
Bridge of Spies,2015,81 Metascore,Steven Spielberg,$12.71M
Bridget Jones's Diary,2001,87 Metascore,Sharon Maguire,$244.08M
Bright Star,2009,88 Metascore,Jane Campion,$233.63M
Brokeback Mountain,2005,48 Metascore,Ang Lee,$164.62M
Brooklyn,2015,72 Metascore,John Crowley,$35.74M
Brother Bear,2003,94 Metascore,Aaron Blaise,$66.66M
CODA,2021,87 Metascore,Sian Heder,$206.46M
Call Me by Your Name,2017,88 Metascore,Luca Guadagnino,$170.69M
Can You Ever Forgive Me?,2018,70 Metascore,Marielle Heller,$0.35M
Capote,2005,72 Metascore,Bennett Miller,$35.55M
Captain America: The Winter Soldier,2014,82 Metascore,Anthony Russo,$71.51M
Captain Fantastic,2016,94 Metascore,Matt Ross,$99.22M
Captain Phillips,2013,73 Metascore,Paul Greengrass,$201.15M
Carol,2015,73 Metascore,Todd Haynes,$61.65M
Cars,2006,75 Metascore,John Lasseter,$137.36M
Cast Away,2000,66 Metascore,Robert Zemeckis,$33.99M
Catch Me If You Can,2002,63 Metascore,Steven Spielberg,$209.73M
Causeway,2022,67 Metascore,Lila Neugebauer,$6.11M
Changeling,2008,72 Metascore,Clint Eastwood,$95.64M
Charlie Wilson's War,2007,81 Metascore,Mike Nichols,$101.01M
Charlie and the Chocolate Factory,2005,76 Metascore,Tim Burton,$75.29M
Chicago,2002,84 Metascore,Rob Marshall,$53.36M
Chico & Rita,2010,64 Metascore,Tono Errando,$20.22M
Children of Men,2006,60 Metascore,Alfonso Cuarón,$54.58M
China's Unnatural Disaster: The Tears of Sichuan Province,2009 TV Movie,67 Metascore,Jon Alpert,$39.46M
Chocolat,2000,69 Metascore,Lasse Hallström,$109.77M
Christopher Robin,2018,45 Metascore,Marc Forster,$86.10M
Cinderella,I 2015,81 Metascore,Kenneth Branagh,$27.30M
Cinderella Man,2005,65 Metascore,Ron Howard,$4.18M
Click,2006,81 Metascore,Frank Coraci,$56.47M
Close,I 2022,65 Metascore,Lukas Dhont,$208.55M
Closer,I 2004,73 Metascore,Mike Nichols,$0.00M
Coco,I 2017,71 Metascore,Lee Unkrich,$61.43M
Coco Before Chanel,2009,52 Metascore,Anne Fontaine,$28.64M
Cold Mountain,2003,80 Metascore,Anthony Minghella,$0.48M
Collateral,2004,83 Metascore,Michael Mann,$5.51M
Coming 2 America,2021,45 Metascore,Craig Brewer,$368.06M
Coraline,2009,66 Metascore,Henry Selick,$1.44M
Corpse Bride,2005,83 Metascore,Tim Burton,$5.48M
Country Strong,2010,82 Metascore,Shana Feste,$8.11M
Crash,I 2004,59 Metascore,Paul Haggis,$115.65M
Crazy Heart,2009,66 Metascore,Scott Cooper,$162.81M
Creed,II 2015,82 Metascore,Ryan Coogler,$232.64M
Cruella,2021,77 Metascore,Craig Gillespie,$33.42M
Cyrano,2021,63 Metascore,Joe Wright,$103.37M
Da 5 Bloods,2020,75 Metascore,Spike Lee,$35.06M
Dallas Buyers Club,2013,79 Metascore,Jean-Marc Vallée,$108.33M
Dancer in the Dark,2000,68 Metascore,Lars von Trier,$188.37M
Darkest Hour,2017,58 Metascore,Joe Wright,$17.11M
Dawn of the Planet of the Apes,2014,76 Metascore,Matt Reeves,$0.41M
Twin Sisters,2002,82 Metascore,Ben Sombogaart,$1.33M
Deepwater Horizon,2016,62 Metascore,Peter Berg,$14.88M
Defiance,I 2008,89 Metascore,Edward Zwick,$16.29M
The Baader Meinhof Complex,2008,78 Metascore,Uli Edel,$151.04M
Downfall,2004,78 Metascore,Oliver Hirschbiegel,$1.55M
Despicable Me 2,2013,81 Metascore,Pierre Coffin,$96.09M
"Two Days, One Night",2014,81 Metascore,Jean-Pierre Dardenne,$127.81M
The Counterfeiters,2007,72 Metascore,Stefan Ruzowitzky,$125.60M
Dirty Pretty Things,2002,49 Metascore,Stephen Frears,$0.29M
District 9,2009,91 Metascore,Neill Blomkamp,$34.40M
Django Unchained,2012,68 Metascore,Quentin Tarantino,$72.86M
Doctor Strange,2016,76 Metascore,Scott Derrickson,$25.44M
Don't Look Up,2021,78 Metascore,Adam McKay,$31.85M
Drive My Car,2021,74 Metascore,Ryûsuke Hamaguchi,$234.04M
Doubt,I 2008,94 Metascore,John Patrick Shanley,$21.00M
Dreamgirls,2006,83 Metascore,Bill Condon,$15.85M
Drive,I 2011,78 Metascore,Nicolas Winding Refn,$57.68M
Dune,2021,82 Metascore,Denis Villeneuve,$84.41M
Dunkirk,2017,83 Metascore,Christopher Nolan,$166.17M
Eastern Promises,2007,45 Metascore,David Cronenberg,$37.03M
After the Wedding,2006,64 Metascore,Susanne Bier,$380.84M
Embrace of the Serpent,2015,71 Metascore,Ciro Guerra,$51.68M
Election,1999,54 Metascore,Alexander Payne,$44.94M
Elizabeth: The Golden Age,2007,73 Metascore,Shekhar Kapur,$3.45M
Elvis,2022,75 Metascore,Baz Luhrmann,$33.60M
Emma.,2020,75 Metascore,Autumn de Wilde,$93.77M
Empire of Light,2022,85 Metascore,Sam Mendes,$27.38M
A Royal Affair,2012,73 Metascore,Nikolaj Arcel,$117.62M
Encanto,2021,86 Metascore,Jared Bush,$2.40M
Enchanted,2007,89 Metascore,Kevin Lima,$12.10M
EO,2022,50 Metascore,Jerzy Skolimowski,$121.63M
Erin Brockovich,2000,81 Metascore,Steven Soderbergh,$25.89M
Ernest & Celestine,2012,78 Metascore,Stéphane Aubier,$18.59M
Eternal Sunshine of the Spotless Mind,2004,46 Metascore,Michel Gondry,$400.74M
Eurovision Song Contest: The Story of Fire Saga,2020,66 Metascore,David Dobkin,$477.37M
Everything Everywhere All at Once,2022,83 Metascore,Daniel Kwan,$2.51M
Ex Machina,2014,84 Metascore,Alex Garland,$77.81M
Extremely Loud & Incredibly Close,2011,79 Metascore,Stephen Daldry,$176.04M
Fantastic Beasts and Where to Find Them,2016,58 Metascore,David Yates,$6.22M
Fantastic Mr. Fox,2009,46 Metascore,Wes Anderson,$11.63M
Far from Heaven,2002,67 Metascore,Todd Haynes,$28.87M
Fences,2016,90 Metascore,Denzel Washington,$53.37M
Ferdinand,2017,67 Metascore,Carlos Saldanha,$187.71M
Fifty Shades of Grey,2015,84 Metascore,Sam Taylor-Johnson,$20.30M
Fight Club,1999,86 Metascore,David Fincher,$167.77M
Finding Nemo,2003,79 Metascore,Andrew Stanton,$41.31M
Finding Neverland,2004,76 Metascore,Marc Forster,$274.09M
First Man,2018,71 Metascore,Damien Chazelle,$85.08M
First Reformed,2017,81 Metascore,Paul Schrader,$0.77M
Flags of Our Fathers,2006,85 Metascore,Clint Eastwood,$333.18M
Flight,I 2012,52 Metascore,Robert Zemeckis,$389.81M
Florence Foster Jenkins,2016,81 Metascore,Stephen Frears,$67.21M
Ford v Ferrari,2019,62 Metascore,James Mangold,$30.50M
The Salesman,2016,61 Metascore,Asghar Farhadi,$2.69M
Four Good Days,2020,80 Metascore,Rodrigo García,$198.00M
Foxcatcher,2014,75 Metascore,Bennett Miller,$3.49M
Free Guy,2021,64 Metascore,Shawn Levy,$295.98M
Frida,2002,82 Metascore,Julie Taymor,$381.01M
Frost/Nixon,2008,72 Metascore,Ron Howard,$290.01M
Harry Potter and the Half-Blood Prince,2009,78 Metascore,David Yates,$301.96M
Harry Potter and the Prisoner of Azkaban,2004,82 Metascore,Alfonso Cuarón,$249.36M
Harry Potter and the Sorcerer's Stone,2001,65 Metascore,Chris Columbus,$317.58M
Hell or High Water,II 2016,88 Metascore,David Mackenzie,$27.01M
Hellboy II: The Golden Army,2008,78 Metascore,Guillermo del Toro,$75.75M
Her,2013,91 Metascore,Spike Jonze,$25.57M
Hereafter,2010,56 Metascore,Clint Eastwood,$32.75M
Hidden Figures,2016,74 Metascore,Theodore Melfi,$169.61M
Hillbilly Elegy,2020,38 Metascore,Ron Howard,$6.01M
Hitchcock,2012,55 Metascore,Sacha Gervasi,$73.21M
Hollow Man,2000,24 Metascore,Paul Verhoeven,$23.53M
Outside the Law,2010,59 Metascore,Rachid Bouchareb,$53.81M
Hotel Rwanda,2004,79 Metascore,Terry George,$13.01M
House of Gucci,2021,59 Metascore,Ridley Scott,$260.04M
House of Sand and Fog,2003,71 Metascore,Vadim Perelman,$217.58M
How the Grinch Stole Christmas,2000,46 Metascore,Ron Howard,$177.00M
How to Train Your Dragon,2010,75 Metascore,Dean DeBlois,$160.80M
How to Train Your Dragon 2,2014,77 Metascore,Dean DeBlois,$73.86M
How to Train Your Dragon: The Hidden World,2019,71 Metascore,Dean DeBlois,$1.08M
Hugo,2011,83 Metascore,Martin Scorsese,$22.20M
The 100 Year-Old Man Who Climbed Out the Window and Disappeared,2013,58 Metascore,Felix Herngren,$1.01M
Hustle & Flow,2005,68 Metascore,Craig Brewer,$40.31M
In a Better World,2010,65 Metascore,Susanne Bier,$4.02M
I Am Sam,2001,28 Metascore,Jessie Nelson,$144.80M
I'm Not There,2007,73 Metascore,Todd Haynes,$30.01M
"I, Robot",2004,59 Metascore,Alex Proyas,$176.39M
"I, Tonya",2017,77 Metascore,Craig Gillespie,$0.07M
Ice Age,2002,61 Metascore,Chris Wedge,$14.92M
Everybody's Famous!,2000,60 Metascore,Dominique Deruddere,$0.24M
If Beale Street Could Talk,2018,87 Metascore,Barry Jenkins,$15.54M
Il Divo,2008,81 Metascore,Paolo Sorrentino,$7.76M
In America,2002,76 Metascore,Jim Sheridan,$35.93M
In Bruges,2008,67 Metascore,Martin McDonagh,$2.38M
In the Bedroom,2001,86 Metascore,Todd Field,$6.78M
In the Loop,2009,83 Metascore,Armando Iannucci,$6.86M
In the Valley of Elah,2007,65 Metascore,Paul Haggis,$292.58M
Incendies,2010,80 Metascore,Denis Villeneuve,$608.58M
Inception,2010,74 Metascore,Christopher Nolan,$120.54M
Incredibles 2,2018,80 Metascore,Brad Bird,$8.11M
Inglourious Basterds,2009,69 Metascore,Quentin Tarantino,$13.24M
Inherent Vice,2014,81 Metascore,Paul Thomas Anderson,$356.46M
Inside Llewyn Davis,2013,93 Metascore,Ethan Coen,$188.02M
Inside Out,I 2015,94 Metascore,Pete Docter,$18.35M
Interstellar,2014,74 Metascore,Christopher Nolan,$128.00M
Into the Wild,2007,73 Metascore,Sean Penn,$37.49M
Into the Woods,2014,69 Metascore,Rob Marshall,$5.01M
Invictus,2009,74 Metascore,Clint Eastwood,$1.29M
I Am Love,2009,79 Metascore,Luca Guadagnino,$318.41M
Iris,I 2001,76 Metascore,Richard Eyre,$312.43M
Iron Man,2008,79 Metascore,Jon Favreau,$409.01M
Iron Man 2,2010,57 Metascore,Jon Favreau,$32.02M
Iron Man 3,2013,62 Metascore,Shane Black,$13.96M
Isle of Dogs,2018,82 Metascore,Wes Anderson,$0.69M
Jackie,V 2016,81 Metascore,Pablo Larraín,$11.24M
The Hunt,2012,77 Metascore,Thomas Vinterberg,$80.94M
Jane Eyre,2011,76 Metascore,Cary Joji Fukunaga,$33.37M
Jimmy Neutron: Boy Genius,2001,65 Metascore,John A. Davis,$335.45M
Jojo Rabbit,2019,58 Metascore,Taika Waititi,$56.45M
Joker,I 2019,59 Metascore,Todd Phillips,$1.05M
Joy,I 2015,56 Metascore,David O. Russell,$94.13M
Joyeux Noel,2005,70 Metascore,Christian Carion,$2.68M
Judas and the Black Messiah,2021,85 Metascore,Shaka King,$143.50M
Judy,II 2019,66 Metascore,Rupert Goold,$47.12M
Julie & Julia,2009,66 Metascore,Nora Ephron,$218.08M
Junebug,2005,80 Metascore,Phil Morrison,$10.21M
Juno,2007,81 Metascore,Jason Reitman,$165.36M
Kate & Leopold,2001,44 Metascore,James Mangold,$1.52M
King Kong,2005,81 Metascore,Peter Jackson,$168.05M
King Richard,2021,76 Metascore,Reinaldo Marcus Green,$0.12M
Kinsey,2004,79 Metascore,Bill Condon,$48.02M
Klaus,2019,65 Metascore,Sergio Pablos,$215.43M
Knives Out,2019,82 Metascore,Rian Johnson,$165.25M
Kon-Tiki,2012,62 Metascore,Joachim Rønning,$2.23M
Kong: Skull Island,2017,62 Metascore,Jordan Vogt-Roberts,$151.10M
A War,2015,81 Metascore,Tobias Lindholm,$10.30M
Kubo and the Two Strings,2016,84 Metascore,Travis Knight,$0.03M
Kung Fu Panda,2008,74 Metascore,Mark Osborne,$48.96M
Kung Fu Panda 2,2011,67 Metascore,Jennifer Yuh Nelson,$0.07M
The Illusionist,2010,82 Metascore,Sylvain Chomet,$5.97M
La La Land,2016,94 Metascore,Damien Chazelle,$33.23M
La Vie En Rose,2007,66 Metascore,Olivier Dahan,$0.64M
Don't Tell,2005,52 Metascore,Cristina Comencini,$148.81M
LaLee's Kin: The Legacy of Cotton,2001 TV Movie,78 Metascore,Deborah Dickson,$3.43M
Lady Bird,2017,93 Metascore,Greta Gerwig,$13.76M
Lagaan: Once Upon a Time in India,2001,84 Metascore,Ashutosh Gowariker,$63.84M
Lars and the Real Girl,2007,70 Metascore,Craig Gillespie,$124.99M
Amélie,2001,69 Metascore,Jean-Pierre Jeunet,$145.79M
The Taste of Others,2000,78 Metascore,Agnès Jaoui,$182.21M
Les Misérables,2012,63 Metascore,Tom Hooper,$51.74M
The Barbarian Invasions,2003,70 Metascore,Denys Arcand,$5.46M
Letters from Iwo Jima,2006,89 Metascore,Clint Eastwood,$59.89M
Licorice Pizza,2021,90 Metascore,Paul Thomas Anderson,$108.10M
Life,I 1999,63 Metascore,Ted Demme,$19.02M
Life of Pi,2012,79 Metascore,Ang Lee,$226.28M
Lilo & Stitch,2002,74 Metascore,Dean DeBlois,$125.10M
Lincoln,2012,87 Metascore,Steven Spielberg,$44.59M
Lion,2016,69 Metascore,Garth Davis,$1.07M
Little Children,2006,75 Metascore,Todd Field,$7.70M
Little Miss Sunshine,2006,80 Metascore,Jonathan Dayton,$6.74M
Little Women,2019,91 Metascore,Greta Gerwig,$154.06M
Living,2022,81 Metascore,Oliver Hermanus,$22.46M
The Impossible,2012,73 Metascore,J.A. Bayona,$241.41M
Logan,2017,77 Metascore,James Mangold,$113.93M
Lone Survivor,2013,60 Metascore,Peter Berg,$3.45M
Lost in Translation,2003,91 Metascore,Sofia Coppola,$47.70M
Love and Monsters,2020,63 Metascore,Michael Matthews,$8.32M
Loving,2016,79 Metascore,Jeff Nichols,$5.79M
Loving Vincent,2017,62 Metascore,DK Welchman,$5.35M
Luca,2021,71 Metascore,Enrico Casarosa,$6.52M
Lunana: A Yak in the Classroom,2019,76 Metascore,Pawo Choyning Dorji,$15.96M
Ma Rainey's Black Bottom,2020,87 Metascore,George C. Wolfe,$2.00M
Mad Max: Fury Road,2015,90 Metascore,George Miller,$10.05M
Magnolia,1999,78 Metascore,Paul Thomas Anderson,$171.96M
Maleficent,2014,56 Metascore,Robert Stromberg,$16.47M
Maleficent: Mistress of Evil,2019,43 Metascore,Joachim Rønning,$93.93M
Malena,2000,54 Metascore,Giuseppe Tornatore,$23.09M
Manchester by the Sea,2016,96 Metascore,Kenneth Lonergan,$166.24M
Mandela: Long Walk to Freedom,2013,60 Metascore,Justin Chadwick,$25.54M
Marcel the Shell with Shoes On,2021,80 Metascore,Dean Fleischer Camp,$57.49M
Margin Call,2011,76 Metascore,J.C. Chandor,$49.03M
Maria Full of Grace,2004,87 Metascore,Joshua Marston,$56.82M
Marie Antoinette,2006,65 Metascore,Sofia Coppola,$31.84M
Marriage Story,2019,94 Metascore,Noah Baumbach,$100.49M
Marshall,2017,66 Metascore,Reginald Hudlin,$132.07M
Mary Poppins Returns,2018,66 Metascore,Rob Marshall,$0.81M
Mary Queen of Scots,2018,60 Metascore,Josie Rourke,$64.94M
Master and Commander: The Far Side of the World,2003,81 Metascore,Peter Weir,$16.65M
Match Point,2005,72 Metascore,Woody Allen,$248.76M
Meet the Parents,2000,73 Metascore,Jay Roach,$28.78M
Memento,2000,83 Metascore,Christopher Nolan,$75.61M
Memoirs of a Geisha,2005,54 Metascore,Rob Marshall,$2.01M
Michael Clayton,2007,82 Metascore,Tony Gilroy,$34.47M
Midnight in Paris,2011,81 Metascore,Woody Allen,$73.66M
Milk,I 2008,83 Metascore,Gus Van Sant,$31.27M
Million Dollar Baby,2004,86 Metascore,Clint Eastwood,$289.92M
Minari,2020,89 Metascore,Lee Isaac Chung,$27.85M
Minority Report,2002,80 Metascore,Steven Spielberg,$45.51M
Mirai,2018,81 Metascore,Mamoru Hosoda,$57.39M
Mirror Mirror,I 2012,46 Metascore,Tarsem Singh,$3.96M
Missing Link,2019,68 Metascore,Chris Butler,$11.03M
Moana,I 2016,81 Metascore,Ron Clements,$7.22M
Molly's Game,2017,71 Metascore,Aaron Sorkin,$47.40M
Moneyball,2011,87 Metascore,Bennett Miller,$14.86M
Monsieur Lazhar,2011,82 Metascore,Philippe Falardeau,$241.44M
Monster,2003,74 Metascore,Patty Jenkins,$14.60M
Monster House,2006,68 Metascore,Gil Kenan,$90.14M
Monster's Ball,2001,69 Metascore,Marc Forster,$32.38M
"Monsters, Inc.",2001,79 Metascore,Pete Docter,$24.00M
Moonlight,I 2016,99 Metascore,Barry Jenkins,$6.17M
Moonrise Kingdom,2012,84 Metascore,Wes Anderson,$74.28M
Moulin Rouge!,2001,66 Metascore,Baz Luhrmann,$1.06M
Mr. Turner,2014,94 Metascore,Mike Leigh,$160.87M
Mrs. Harris Goes to Paris,2022,70 Metascore,Anthony Fabian,$10.66M
Mrs. Henderson Presents,2005,71 Metascore,Stephen Frears,$95.67M
Mudbound,2017,85 Metascore,Dee Rees,$18.32M
Mulan,2020,66 Metascore,Niki Caro,$17.51M
Mulholland Drive,2001,86 Metascore,David Lynch,$45.51M
Munich,2005,74 Metascore,Steven Spielberg,$9.44M
Music of the Heart,1999,54 Metascore,Wes Craven,$142.50M
My Big Fat Greek Wedding,2002,62 Metascore,Joel Zwick,$61.56M
My Week with Marilyn,2011,65 Metascore,Simon Curtis,$56.00M
Mystic River,2003,84 Metascore,Clint Eastwood,$1.45M
News of the World,2020,73 Metascore,Paul Greengrass,$100.01M
Nightcrawler,2014,76 Metascore,Dan Gilroy,$198.54M
Nightmare Alley,2021,70 Metascore,Guillermo del Toro,$4.45M
Nine,2009,49 Metascore,Rob Marshall,$21.02M
Nowhere in Africa,2001,72 Metascore,Caroline Link,$37.71M
No Country for Old Men,2007,92 Metascore,Ethan Coen,$2.53M
No Man's Land,I 2001,84 Metascore,Danis Tanovic,$309.42M
No Time to Die,2021,68 Metascore,Cary Joji Fukunaga,$423.32M
Nocturnal Animals,2016,67 Metascore,Tom Ford,$305.41M
Nomadland,2020,91 Metascore,Chloé Zhao,$8.60M
Norbit,2007,27 Metascore,Brian Robbins,$60.67M
North Country,2005,68 Metascore,Niki Caro,$47.57M
Notes on a Scandal,2006,73 Metascore,Richard Eyre,$38.41M
"O Brother, Where Art Thou?",2000,69 Metascore,Joel Coen,$61.00M
Once,I 2007,90 Metascore,John Carney,$126.48M
Once Upon a Time in Hollywood,2019,83 Metascore,Quentin Tarantino,$149.26M
One Night in Miami...,2020,83 Metascore,Regina King,$168.46M
Onward,I 2020,61 Metascore,Dan Scanlon,$7.06M
Over the Moon,2020,60 Metascore,Glen Keane,$14.50M
ParaNorman,2012,72 Metascore,Chris Butler,$2.23M
Paradise Now,2005,71 Metascore,Hany Abu-Assad,$12.80M
Passengers,I 2016,41 Metascore,Morten Tyldum,$201.09M
Pearl Harbor,2001,44 Metascore,Michael Bay,$123.48M
Persepolis,2007,90 Metascore,Vincent Paronnaud,$206.45M
Phantom Thread,2017,90 Metascore,Paul Thomas Anderson,$75.33M
Philomena,2013,77 Metascore,Stephen Frears,$54.72M
Pieces of April,2003,70 Metascore,Peter Hedges,$137.69M
Pieces of a Woman,2020,66 Metascore,Kornél Mundruczó,$85.47M
Pirates of the Caribbean: At World's End,2007,50 Metascore,Gore Verbinski,$3.64M
Pirates of the Caribbean: Dead Man's Chest,2006,53 Metascore,Gore Verbinski,$22.91M
Pirates of the Caribbean: The Curse of the Black Pearl,2003,63 Metascore,Gore Verbinski,$143.62M
Pollock,2000,77 Metascore,Ed Harris,$176.76M
Poseidon,2006,50 Metascore,Wolfgang Petersen,$104.45M
Precious,II 2009,78 Metascore,Lee Daniels,$96.37M
Pride & Prejudice,2005,82 Metascore,Joe Wright,$532.18M
Prisoners,2013,70 Metascore,Denis Villeneuve,$11.96M
Prometheus,I 2012,64 Metascore,Ridley Scott,$14.68M
Promising Young Woman,2020,72 Metascore,Emerald Fennell,$118.31M
Puss in Boots,2011,65 Metascore,Chris Miller,$83.30M
Puss in Boots: The Last Wish,2022,73 Metascore,Joel Crawford,$120.28M
Quills,2000,70 Metascore,Philip Kaufman,$52.08M
"Quo Vadis, Aida?",2020,97 Metascore,Jasmila Zbanic,$6.95M
RRR,2022,83 Metascore,S.S. Rajamouli,$8.29M
Rabbit Hole,2010,76 Metascore,John Cameron Mitchell,$224.54M
Rachel Getting Married,2008,85 Metascore,Jonathan Demme,$160.86M
Ralph Breaks the Internet,2018,71 Metascore,Phil Johnston,$19.38M
Rango,2011,75 Metascore,Gore Verbinski,$209.03M
Ratatouille,2007,96 Metascore,Brad Bird,$267.67M
Ray,I 2004,73 Metascore,Taylor Hackford,$436.47M
Raya and the Last Dragon,2021,74 Metascore,Don Hall,$46.89M
Ready Player One,2018,64 Metascore,Steven Spielberg,$71.50M
Real Steel,2011,56 Metascore,Shawn Levy,$7.10M
Requiem for a Dream,2000,71 Metascore,Darren Aronofsky,$132.09M
Revolutionary Road,2008,69 Metascore,Sam Mendes,$304.36M
Richard Jewell,2019,68 Metascore,Clint Eastwood,$101.07M
Rio,2011,63 Metascore,Carlos Saldanha,$141.32M
Rise of the Planet of the Apes,2011,68 Metascore,Rupert Wyatt,$14.38M
Road to Perdition,2002,72 Metascore,Sam Mendes,$155.33M
Rocketman,I 2019,69 Metascore,Dexter Fletcher,$213.77M
Rogue One: A Star Wars Story,2016,65 Metascore,Gareth Edwards,$0.30M
"Roman J. Israel, Esq.",2017,58 Metascore,Dan Gilroy,$124.73M
Song of the Sea,2014,85 Metascore,Tomm Moore,$0.86M
Soul,2020,83 Metascore,Pete Docter,$52.04M
Sound of Metal,2019,82 Metascore,Darius Marder,$90.46M
"South Park: Bigger, Longer & Uncut",1999,73 Metascore,Trey Parker,$200.07M
Space Cowboys,2000,73 Metascore,Clint Eastwood,$403.71M
Spectre,I 2015,60 Metascore,Sam Mendes,$373.59M
Spencer,2021,76 Metascore,Pablo Larraín,$190.24M
Spider-Man,2002,73 Metascore,Sam Raimi,$804.75M
Spider-Man 2,2004,83 Metascore,Sam Raimi,$73.28M
Spider-Man: Into the Spider-Verse,2018,87 Metascore,Bob Persichetti,$45.06M
Spider-Man: No Way Home,2021,71 Metascore,Jon Watts,$257.73M
Spirit: Stallion of the Cimarron,2002,52 Metascore,Kelly Asbury,$158.85M
Spotlight,I 2015,93 Metascore,Tom McCarthy,$228.78M
Star Trek,2009,82 Metascore,J.J. Abrams,$474.54M
Star Trek Beyond,2016,68 Metascore,Justin Lin,$310.68M
Star Trek Into Darkness,2013,72 Metascore,J.J. Abrams,$380.26M
Star Wars: Episode I - The Phantom Menace,1999,51 Metascore,George Lucas,$515.20M
Star Wars: Episode II - Attack of the Clones,2002,54 Metascore,George Lucas,$936.66M
Star Wars: Episode III - Revenge of the Sith,2005,68 Metascore,George Lucas,$620.18M
Star Wars: Episode IX - The Rise of Skywalker,2019,53 Metascore,J.J. Abrams,$17.77M
Star Wars: Episode VII - The Force Awakens,2015,80 Metascore,J.J. Abrams,$18.75M
Star Wars: Episode VIII - The Last Jedi,2017,84 Metascore,Rian Johnson,$161.20M
Steve Jobs,2015,82 Metascore,Danny Boyle,$140.04M
Still Alice,2014,72 Metascore,Richard Glatzer,$325.10M
Straight Outta Compton,2015,72 Metascore,F. Gary Gray,$125.07M
Stuart Little,1999,61 Metascore,Rob Minkoff,$200.08M
Suicide Squad,2016,40 Metascore,David Ayer,$58.87M
Sully,2016,74 Metascore,Clint Eastwood,$52.90M
Superman Returns,2006,72 Metascore,Bryan Singer,$4.20M
Surf's Up,2007,64 Metascore,Ash Brannon,$50.82M
Sweeney Todd: The Demon Barber of Fleet Street,2007,83 Metascore,Tim Burton,$0.01M
Sweet and Lowdown,1999,70 Metascore,Woody Allen,$200.82M
Syriana,2005,76 Metascore,Stephen Gaghan,$171.09M
As It Is in Heaven,2004,71 Metascore,Kay Pollak,$218.82M
Tangled,2010,79 Metascore,Nathan Greno,$58.46M
Tarzan,1999,62 Metascore,Chris Buck,$77.59M
Ted,2012,69 Metascore,Seth MacFarlane,$0.43M
Tell It Like a Woman,2022,68 Metascore,Silvia Carobbio,$3.90M
Tenet,2020,42 Metascore,Christopher Nolan,$623.28M
The Adventures of Tintin,2011,68 Metascore,Steven Spielberg,$102.61M
The Affair of the Necklace,2001,69 Metascore,Charles Shyer,$369.35M
The Assassination of Jesse James by the Coward Robert Ford,2007,77 Metascore,Andrew Dominik,$70.26M
The Avengers,2012,79 Metascore,Joss Whedon,$42.87M
The Aviator,2004,87 Metascore,Martin Scorsese,$22.52M
The Ballad of Buster Scruggs,2018,72 Metascore,Ethan Coen,$255.96M
The Banshees of Inisherin,2022,81 Metascore,Martin McDonagh,$21.49M
The Batman,2022,86 Metascore,Matt Reeves,$175.00M
The Big Short,2015,49 Metascore,Adam McKay,$227.47M
The Big Sick,2017,53 Metascore,Michael Showalter,$50.84M
The Black Dahlia,2006,53 Metascore,Brian De Palma,$0.31M
The Blind Side,2009,50 Metascore,John Lee Hancock,$0.18M
The Book Thief,2013,85 Metascore,Brian Percival,$61.33M
The Boss Baby,2017,61 Metascore,Tom McGrath,$291.71M
The Bourne Ultimatum,2007,78 Metascore,Paul Greengrass,$57.55M
The Boxtrolls,2014,70 Metascore,Graham Annable,$33.58M
The Breadwinner,2017,40 Metascore,Nora Twomey,$17.87M
The Broken Circle Breakdown,2012,75 Metascore,Felix van Groeningen,$8.24M
The Cell,2000,75 Metascore,Tarsem Singh,$187.17M
"The Chronicles of Narnia: The Lion, the Witch and the Wardrobe",2005,82 Metascore,Andrew Adamson,$127.51M
The Cider House Rules,1999,59 Metascore,Lasse Hallström,$56.11M
The Constant Gardener,2005,69 Metascore,Fernando Meirelles,$11.11M
The Contender,2000,55 Metascore,Rod Lurie,$534.86M
The Cooler,2003,70 Metascore,Wayne Kramer,$132.38M
The Croods,2013,87 Metascore,Kirk DeMicco,$82.58M
The Curious Case of Benjamin Button,2008,66 Metascore,David Fincher,$124.74M
Wallace & Gromit: The Curse of the Were-Rabbit,2005,84 Metascore,Steve Box,$21.12M
The Danish Girl,2015,85 Metascore,Tom Hooper,$13.82M
The Dark Knight,2008,84 Metascore,Christopher Nolan,$89.30M
The Departed,2006,62 Metascore,Martin Scorsese,$10.66M
The Descendants,2011,76 Metascore,Alexander Payne,$34.37M
The Devil Wears Prada,2006,62 Metascore,David Frankel,$93.62M
The Disaster Artist,2017,70 Metascore,James Franco,$5.90M
The Duchess,2008,65 Metascore,Saul Dibb,$102.52M
The Emperor's New Groove,2000,55 Metascore,Mark Dindal,$70.11M
The End of the Affair,1999,84 Metascore,Neil Jordan,$59.95M
The Eyes of Tammy Faye,2021,88 Metascore,Michael Showalter,$59.10M
The Fabelmans,2022,91 Metascore,Steven Spielberg,$144.84M
The Father,I 2020,79 Metascore,Florian Zeller,$174.34M
The Favourite,2018,92 Metascore,Yorgos Lanthimos,$136.80M
The Fighter,I 2010,71 Metascore,David O. Russell,$54.12M
The Florida Project,2017,51 Metascore,Sean Baker,$169.71M
The Girl with the Dragon Tattoo,2011,61 Metascore,David Fincher,$303.00M
The Golden Compass,2007,88 Metascore,Chris Weitz,$255.12M
The Good Shepherd,2006,55 Metascore,Robert De Niro,$258.37M
The Grand Budapest Hotel,2014,48 Metascore,Wes Anderson,$41.68M
The Great Gatsby,2013,61 Metascore,Baz Luhrmann,$50.67M
The Greatest Showman,2017,68 Metascore,Michael Gracey,$17.02M
The Green Mile,1999,62 Metascore,Frank Darabont,$40.96M
The Gruffalo,2009 TV Movie,58 Metascore,Max Lang,$39.87M
The Hateful Eight,2015,59 Metascore,Quentin Tarantino,$7.69M
The Help,2011,66 Metascore,Tate Taylor,$91.13M
The Hobbit: An Unexpected Journey,2012,80 Metascore,Peter Jackson,$261.44M
The Hobbit: The Battle of the Five Armies,2014,74 Metascore,Peter Jackson,$28.97M
The Hobbit: The Desolation of Smaug,2013,95 Metascore,Peter Jackson,$1.23M
The Hours,2002,67 Metascore,Stephen Daldry,$7.00M
The Hurricane,1999,68 Metascore,Norman Jewison,$30.02M
The Hurt Locker,2008,65 Metascore,Kathryn Bigelow,$47.12M
The Ides of March,2011,71 Metascore,George Clooney,$364.00M
The Illusionist,2006,90 Metascore,Neil Burger,$20.81M
The Imaginarium of Doctor Parnassus,2009,84 Metascore,Terry Gilliam,$138.80M
The Imitation Game,2014,75 Metascore,Morten Tyldum,$15.80M
The Incredibles,2004,94 Metascore,Brad Bird,$17.61M
The Insider,1999,52 Metascore,Michael Mann,$111.11M
The Invisible Woman,2013,48 Metascore,Ralph Fiennes,$6.62M
The Irishman,2019,77 Metascore,Martin Scorsese,$257.76M
The Iron Lady,2011,86 Metascore,Phyllida Lloyd,$543.64M
The Judge,2014,88 Metascore,David Dobkin,$8.70M
The Jungle Book,2016,61 Metascore,Jon Favreau,$89.30M
The Kids Are All Right,2010,74 Metascore,Lisa Cholodenko,$315.54M
The King's Speech,2010,55 Metascore,Tom Hooper,$377.85M
The Kite Runner,2007,76 Metascore,Marc Forster,$342.55M
The Last King of Scotland,2006,83 Metascore,Kevin Macdonald,$43.82M
The Last Samurai,2003,55 Metascore,Edward Zwick,$228.43M
The Last Station,2009,82 Metascore,Michael Hoffman,$16.38M
The Last Truck: Closing of a GM Plant,2009 TV Movie,37 Metascore,Steven Bognar,$171.48M
The Lego Movie,2014,92 Metascore,Phil Lord,$0.07M
The Lion King,2019,94 Metascore,Jon Favreau,$155.25M
The Lobster,2015,87 Metascore,Yorgos Lanthimos,$88.63M
The Lone Ranger,2013,86 Metascore,Gore Verbinski,$12.71M
The Lord of the Rings: The Fellowship of the Ring,2001,42 Metascore,Peter Jackson,$370.78M
The Lord of the Rings: The Return of the King,2003,64 Metascore,Peter Jackson,$113.33M
The Lord of the Rings: The Two Towers,2002,80 Metascore,Peter Jackson,$182.62M
The Lost Daughter,2021,86 Metascore,Maggie Gyllenhaal,$51.27M
The Lovely Bones,2009,73 Metascore,Peter Jackson,$32.57M
The Man Who Sold His Skin,2020,77 Metascore,Kaouther Ben Hania,$31.05M
The Martian,2015,58 Metascore,Ridley Scott,$183.37M
The Master,2012,81 Metascore,Paul Thomas Anderson,$81.90M
The Matrix,1999,48 Metascore,Lana Wachowski,$53.09M
The Messenger,I 2009,75 Metascore,Oren Moverman,$104.40M
The Midnight Sky,2020,69 Metascore,George Clooney,$163.57M
The Mitchells vs the Machines,2021,58 Metascore,Michael Rianda,$56.44M
The Mummy,1999,47 Metascore,Stephen Sommers,$12.99M
The Muppets,2011,63 Metascore,James Bobin,$34.19M
The New World,2005,59 Metascore,Terrence Malick,$183.64M
The One and Only Ivan,2020,40 Metascore,Thea Sharrock,$52.36M
The Passion of the Christ,2004,85 Metascore,Mel Gibson,$6.61M
The Patriot,2000,73 Metascore,Roland Emmerich,$0.69M
The Perfect Storm,2000,61 Metascore,Wolfgang Petersen,$6.00M
The Phantom of the Opera,2004,83 Metascore,Joel Schumacher,$63.86M
The Pianist,2002,89 Metascore,Roman Polanski,$293.51M
The Pirates! Band of Misfits,2012,66 Metascore,Peter Lord,$96.96M
The Polar Express,2004,73 Metascore,Robert Zemeckis,$1.50M
The Post,2017,64 Metascore,Steven Spielberg,$7.36M
The Power of the Dog,2021,90 Metascore,Jane Campion,$6.20M
The Prestige,2006,84 Metascore,Christopher Nolan,$81.30M
The Princess and the Frog,2009,58 Metascore,Ron Clements,$0.28M
The Pursuit of Happyness,2006,76 Metascore,Gabriele Muccino,$35.89M
The Queen,2006,76 Metascore,Stephen Frears,$56.68M
The Quiet American,2002,85 Metascore,Phillip Noyce,$92.19M
The Reader,2008,74 Metascore,Stephen Daldry,$13.30M
The Revenant,I 2015,81 Metascore,Alejandro G. Iñárritu,$114.20M
The Royal Tenenbaums,2001,79 Metascore,Wes Anderson,$9.42M
The Savages,2007,87 Metascore,Tamara Jenkins,$2.70M
The Sea Beast,2022,64 Metascore,Chris Williams,$9.60M
The Secret of Kells,2009,95 Metascore,Tomm Moore,$40.11M
The Sessions,2012,73 Metascore,Ben Lewin,$116.90M
The Shape of Water,2017,82 Metascore,Guillermo del Toro,$61.98M
The Sixth Sense,1999,86 Metascore,M. Night Shyamalan,$26.24M
The Social Network,2010,76 Metascore,David Fincher,$11.00M
The Square,2017,43 Metascore,Ruben Östlund,$0.28M
The Squid and the Whale,2005,71 Metascore,Noah Baumbach,$40.22M
The Straight Story,1999,42 Metascore,David Lynch,$4.60M
The Talented Mr. Ripley,1999,74 Metascore,Anthony Minghella,$54.51M
The Tempest,I 2010,85 Metascore,Julie Taymor,$1.08M
The Theory of Everything,2014,76 Metascore,James Marsh,$24.15M
The Time Machine,2002,75 Metascore,Simon Wells,$1.92M
The Town,2010,52 Metascore,Ben Affleck,$1.48M
The Tree of Life,2011,44 Metascore,Terrence Malick,$718.73M
The Trial of the Chicago 7,2020,79 Metascore,Aaron Sorkin,$6.20M
The Two Popes,2019,66 Metascore,Fernando Meirelles,$245.85M
The United States vs. Billie Holiday,2021,60 Metascore,Lee Daniels,$415.00M
The Village,2004,76 Metascore,M. Night Shyamalan,$434.04M
The Visitor,I 2007,77 Metascore,Tom McCarthy,$124.12M
The Way Back,I 2010,69 Metascore,Peter Weir,$76.63M
The Whale,2022,75 Metascore,Darren Aronofsky,$9.02M
The White Tiger,2021,43 Metascore,Ramin Bahrani,$319.25M
The Wife,I 2017,80 Metascore,Björn Runge,$352.39M
The Wild Thornberrys,2002,64 Metascore,Cathy Malkasian,$402.11M
The Wolf of Wall Street,2013,80 Metascore,Martin Scorsese,$38.18M
The Wolfman,2010,93 Metascore,Joe Johnston,$153.71M
The Wrestler,2008,70 Metascore,Darren Aronofsky,$172.06M
The Young Victoria,2009,88 Metascore,Jean-Marc Vallée,$110.52M
Theeb,2014,92 Metascore,Naji Abu Nowar,$133.38M
There Will Be Blood,2007,85 Metascore,Paul Thomas Anderson,$171.24M
Thirteen,2003,57 Metascore,Catherine Hardwicke,$7.86M
"Three Billboards Outside Ebbing, Missouri",2017,84 Metascore,Martin McDonagh,$2.91M
Timbuktu,2014,93 Metascore,Abderrahmane Sissako,$1.28M
Tinker Tailor Soldier Spy,2011,78 Metascore,Tomas Alfredson,$77.09M
Titus,1999,90 Metascore,Julie Taymor,$115.64M
To Leslie,2022,88 Metascore,Michael Morris,$0.44M
Toni Erdmann,2016,92 Metascore,Maren Ade,$0.31M
Top Gun: Maverick,2022,84 Metascore,Joseph Kosinski,$52.80M
Topsy-Turvy,1999,86 Metascore,Mike Leigh,$31.57M
Toy Story 2,1999,69 Metascore,John Lasseter,$81.56M
Toy Story 3,2010,66 Metascore,Lee Unkrich,$293.00M
Toy Story 4,2019,61 Metascore,Josh Cooley,$83.82M
Traffic,2000,42 Metascore,Steven Soderbergh,$100.61M
Training Day,2001,35 Metascore,Antoine Fuqua,$0.05M
Transamerica,2005,60 Metascore,Duncan Tucker,$3.34M
Transformers,2007,63 Metascore,Michael Bay,$3.75M
Transformers: Dark of the Moon,2011,55 Metascore,Michael Bay,$47.84M
Transformers: Revenge of the Fallen,2009,49 Metascore,Michael Bay,$23.22M
Treasure Planet,2002,71 Metascore,Ron Clements,$22.25M
Triangle of Sadness,2022,56 Metascore,Ruben Östlund,$0.58M
Trolls,2016,80 Metascore,Mike Mitchell,$223.81M
TRON: Legacy,2010,60 Metascore,Joseph Kosinski,$119.52M
Tropic Thunder,2008,70 Metascore,Ben Stiller,$134.51M
Troy,2004,75 Metascore,Wolfgang Petersen,$79.88M
True Grit,2010,83 Metascore,Ethan Coen,$146.88M
Trumbo,2015,92 Metascore,Jay Roach,$234.28M
Tsotsi,2005,62 Metascore,Gavin Hood,$13.66M
Tumbleweeds,1999,59 Metascore,Gavin O'Connor,$3.22M
Turning Red,2022,75 Metascore,Domee Shi,$20.78M
Tár,2022,63 Metascore,Todd Field,$13.09M
U-571,2000,63 Metascore,Jonathan Mostow,$37.88M
Unbroken,I 2014,90 Metascore,Angelina Jolie,$6.53M
Land of Mine,2015,69 Metascore,Martin Zandvliet,$132.42M
A Cat in Paris,2010,88 Metascore,Jean-Loup Felicioli,$19.39M
Unfaithful,2002,83 Metascore,Adrian Lyne,$189.42M
United 93,2006,45 Metascore,Paul Greengrass,$233.92M
Yesterday,I 2004,85 Metascore,Darrell Roodt,$9.18M
You Can Count on Me,2000,64 Metascore,Kenneth Lonergan,$2.70M
Youth,I 2015,95 Metascore,Paolo Sorrentino,$95.72M
Zero Dark Thirty,2012,78 Metascore,Kathryn Bigelow,$341.27M
Zootopia,2016,50 Metascore,Byron Howard,$0.03M
